/index.html    /    301
/contact.html   /contact    301
/blog.html      /blog       301
/acheter.html   /acheter    301
/histoire.html  /histoire   301
/reductions.html /reductions 301
/faq.html       /faq        301
/conditions-generales.html /conditions-generales 301
/mentions-legales.html /mentions-legales 301
/politique-confidentialite.html /politique-confidentialite 301
